"","display_title","seasonal_average","region","metric","city","Season","lq_rank","color"
"1","Calgary, AB",0.48,"Canada","downtown","Calgary","Season_3",38,"#e41a1c"
"2","Calgary, AB",0.467124212832892,"Canada","downtown","Calgary","Season_10",46,"#e41a1c"
"3","Calgary, AB",0.46258629388737,"Canada","downtown","Calgary","Season_9",51,"#e41a1c"
"4","Calgary, AB",0.46,"Canada","downtown","Calgary","Season_1",33,"#e41a1c"
"5","Calgary, AB",0.456,"Canada","downtown","Calgary","Season_6",47,"#e41a1c"
"6","Calgary, AB",0.444,"Canada","downtown","Calgary","Season_7",52,"#e41a1c"
"7","Calgary, AB",0.434450264248565,"Canada","downtown","Calgary","Season_11",57,"#e41a1c"
"8","Calgary, AB",0.422594637342645,"Canada","downtown","Calgary","Season_8",55,"#e41a1c"
"9","Calgary, AB",0.39125,"Canada","downtown","Calgary","Season_5",47,"#e41a1c"
"10","Calgary, AB",0.383333333333333,"Canada","downtown","Calgary","Season_2",40,"#e41a1c"
"11","Calgary, AB",0.37,"Canada","downtown","Calgary","Season_4",48,"#e41a1c"
"12","Edmonton, AB",0.532777777777778,"Canada","downtown","Edmonton","Season_1",22,"#e41a1c"
"13","Edmonton, AB",0.521293617933357,"Canada","downtown","Edmonton","Season_11",42,"#e41a1c"
"14","Edmonton, AB",0.513920451196087,"Canada","downtown","Edmonton","Season_9",41,"#e41a1c"
"15","Edmonton, AB",0.477222222222222,"Canada","downtown","Edmonton","Season_3",41,"#e41a1c"
"16","Edmonton, AB",0.4675,"Canada","downtown","Edmonton","Season_7",49,"#e41a1c"
"17","Edmonton, AB",0.455555555555556,"Canada","downtown","Edmonton","Season_2",32,"#e41a1c"
"18","Edmonton, AB",0.446442046121117,"Canada","downtown","Edmonton","Season_8",49,"#e41a1c"
"19","Edmonton, AB",0.438712454157753,"Canada","downtown","Edmonton","Season_10",51,"#e41a1c"
"20","Edmonton, AB",0.417777777777778,"Canada","downtown","Edmonton","Season_6",52,"#e41a1c"
"21","Edmonton, AB",0.4,"Canada","downtown","Edmonton","Season_4",46,"#e41a1c"
"22","Edmonton, AB",0.383333333333333,"Canada","downtown","Edmonton","Season_5",48,"#e41a1c"
"23","Halifax, NS",0.720469759096462,"Canada","downtown","Halifax","Season_9",20,"#e41a1c"
"24","Halifax, NS",0.645587445204563,"Canada","downtown","Halifax","Season_11",28,"#e41a1c"
"25","Halifax, NS",0.578333333333333,"Canada","downtown","Halifax","Season_4",18,"#e41a1c"
"26","Halifax, NS",0.560887971935459,"Canada","downtown","Halifax","Season_8",33,"#e41a1c"
"27","Halifax, NS",0.55,"Canada","downtown","Halifax","Season_7",38,"#e41a1c"
"28","Halifax, NS",0.501085719465584,"Canada","downtown","Halifax","Season_10",39,"#e41a1c"
"29","Halifax, NS",0.491363636363636,"Canada","downtown","Halifax","Season_3",35,"#e41a1c"
"30","Halifax, NS",0.474166666666667,"Canada","downtown","Halifax","Season_5",37,"#e41a1c"
"31","Halifax, NS",0.457272727272727,"Canada","downtown","Halifax","Season_1",35,"#e41a1c"
"32","Halifax, NS",0.452222222222222,"Canada","downtown","Halifax","Season_6",48,"#e41a1c"
"33","Halifax, NS",0.399090909090909,"Canada","downtown","Halifax","Season_2",37,"#e41a1c"
"34","London, ON",0.792492870747769,"Canada","downtown","London","Season_11",13,"#e41a1c"
"35","London, ON",0.696363636363636,"Canada","downtown","London","Season_7",21,"#e41a1c"
"36","London, ON",0.596414606789906,"Canada","downtown","London","Season_8",28,"#e41a1c"
"37","London, ON",0.565000484034343,"Canada","downtown","London","Season_9",32,"#e41a1c"
"38","London, ON",0.557727272727273,"Canada","downtown","London","Season_3",25,"#e41a1c"
"39","London, ON",0.484,"Canada","downtown","London","Season_6",40,"#e41a1c"
"40","London, ON",0.483333333333333,"Canada","downtown","London","Season_4",33,"#e41a1c"
"41","London, ON",0.451949713406308,"Canada","downtown","London","Season_10",48,"#e41a1c"
"42","London, ON",0.43625,"Canada","downtown","London","Season_5",44,"#e41a1c"
"43","London, ON",0.37,"Canada","downtown","London","Season_1",51,"#e41a1c"
"44","London, ON",0.3475,"Canada","downtown","London","Season_2",46,"#e41a1c"
"45","Montreal, QC",0.457192180479571,"Canada","downtown","Montreal","Season_11",55,"#e41a1c"
"46","Montreal, QC",0.44052504557813,"Canada","downtown","Montreal","Season_9",55,"#e41a1c"
"47","Montreal, QC",0.421546460694364,"Canada","downtown","Montreal","Season_10",56,"#e41a1c"
"48","Montreal, QC",0.394444444444444,"Canada","downtown","Montreal","Season_7",61,"#e41a1c"
"49","Montreal, QC",0.380555555555556,"Canada","downtown","Montreal","Season_1",48,"#e41a1c"
"50","Montreal, QC",0.34,"Canada","downtown","Montreal","Season_6",59,"#e41a1c"
"51","Montreal, QC",0.331706660998291,"Canada","downtown","Montreal","Season_8",61,"#e41a1c"
"52","Montreal, QC",0.295,"Canada","downtown","Montreal","Season_3",61,"#e41a1c"
"53","Montreal, QC",0.29375,"Canada","downtown","Montreal","Season_4",59,"#e41a1c"
"54","Montreal, QC",0.29125,"Canada","downtown","Montreal","Season_2",57,"#e41a1c"
"55","Montreal, QC",0.282,"Canada","downtown","Montreal","Season_5",61,"#e41a1c"
"56","Ottawa, ON",0.509257044450082,"Canada","downtown","Ottawa","Season_11",45,"#e41a1c"
"57","Ottawa, ON",0.481889182918732,"Canada","downtown","Ottawa","Season_9",46,"#e41a1c"
"58","Ottawa, ON",0.471,"Canada","downtown","Ottawa","Season_2",29,"#e41a1c"
"59","Ottawa, ON",0.458181818181818,"Canada","downtown","Ottawa","Season_1",34,"#e41a1c"
"60","Ottawa, ON",0.438,"Canada","downtown","Ottawa","Season_7",56,"#e41a1c"
"61","Ottawa, ON",0.414545454545455,"Canada","downtown","Ottawa","Season_6",53,"#e41a1c"
"62","Ottawa, ON",0.410564116402989,"Canada","downtown","Ottawa","Season_10",57,"#e41a1c"
"63","Ottawa, ON",0.384617830130465,"Canada","downtown","Ottawa","Season_8",58,"#e41a1c"
"64","Ottawa, ON",0.377777777777778,"Canada","downtown","Ottawa","Season_3",51,"#e41a1c"
"65","Ottawa, ON",0.359,"Canada","downtown","Ottawa","Season_4",50,"#e41a1c"
"66","Ottawa, ON",0.35,"Canada","downtown","Ottawa","Season_5",53,"#e41a1c"
"67","Quebec, QC",0.589683658567051,"Canada","downtown","Quebec","Season_10",32,"#e41a1c"
"68","Quebec, QC",0.546696120048932,"Canada","downtown","Quebec","Season_9",34,"#e41a1c"
"69","Quebec, QC",0.513133540843738,"Canada","downtown","Quebec","Season_11",44,"#e41a1c"
"70","Quebec, QC",0.48540700590512,"Canada","downtown","Quebec","Season_8",38,"#e41a1c"
"71","Quebec, QC",0.467,"Canada","downtown","Quebec","Season_6",42,"#e41a1c"
"72","Quebec, QC",0.441,"Canada","downtown","Quebec","Season_7",54,"#e41a1c"
"73","Quebec, QC",0.381363636363636,"Canada","downtown","Quebec","Season_1",47,"#e41a1c"
"74","Quebec, QC",0.37,"Canada","downtown","Quebec","Season_4",49,"#e41a1c"
"75","Quebec, QC",0.367272727272727,"Canada","downtown","Quebec","Season_2",44,"#e41a1c"
"76","Quebec, QC",0.345833333333333,"Canada","downtown","Quebec","Season_3",56,"#e41a1c"
"77","Quebec, QC",0.317777777777778,"Canada","downtown","Quebec","Season_5",56,"#e41a1c"
"78","Toronto, ON",0.52656721621531,"Canada","downtown","Toronto","Season_11",41,"#e41a1c"
"79","Toronto, ON",0.462039313531831,"Canada","downtown","Toronto","Season_9",52,"#e41a1c"
"80","Toronto, ON",0.444804119884358,"Canada","downtown","Toronto","Season_10",50,"#e41a1c"
"81","Toronto, ON",0.404,"Canada","downtown","Toronto","Season_7",59,"#e41a1c"
"82","Toronto, ON",0.392222222222222,"Canada","downtown","Toronto","Season_1",46,"#e41a1c"
"83","Toronto, ON",0.363181818181818,"Canada","downtown","Toronto","Season_3",54,"#e41a1c"
"84","Toronto, ON",0.340489206258399,"Canada","downtown","Toronto","Season_8",60,"#e41a1c"
"85","Toronto, ON",0.334,"Canada","downtown","Toronto","Season_6",60,"#e41a1c"
"86","Toronto, ON",0.328,"Canada","downtown","Toronto","Season_2",51,"#e41a1c"
"87","Toronto, ON",0.3225,"Canada","downtown","Toronto","Season_4",56,"#e41a1c"
"88","Toronto, ON",0.3125,"Canada","downtown","Toronto","Season_5",57,"#e41a1c"
"89","Vancouver, BC",0.46579854305957,"Canada","downtown","Vancouver","Season_11",54,"#e41a1c"
"90","Vancouver, BC",0.453864698520415,"Canada","downtown","Vancouver","Season_10",47,"#e41a1c"
"91","Vancouver, BC",0.442222222222222,"Canada","downtown","Vancouver","Season_7",53,"#e41a1c"
"92","Vancouver, BC",0.430708313095951,"Canada","downtown","Vancouver","Season_9",57,"#e41a1c"
"93","Vancouver, BC",0.420188210588329,"Canada","downtown","Vancouver","Season_8",56,"#e41a1c"
"94","Vancouver, BC",0.417142857142857,"Canada","downtown","Vancouver","Season_4",42,"#e41a1c"
"95","Vancouver, BC",0.412222222222222,"Canada","downtown","Vancouver","Season_1",42,"#e41a1c"
"96","Vancouver, BC",0.4075,"Canada","downtown","Vancouver","Season_3",46,"#e41a1c"
"97","Vancouver, BC",0.399090909090909,"Canada","downtown","Vancouver","Season_6",56,"#e41a1c"
"98","Vancouver, BC",0.357777777777778,"Canada","downtown","Vancouver","Season_2",45,"#e41a1c"
"99","Vancouver, BC",0.357142857142857,"Canada","downtown","Vancouver","Season_5",51,"#e41a1c"
"100","Winnipeg, MB",0.602777777777778,"Canada","downtown","Winnipeg","Season_1",12,"#e41a1c"
"101","Winnipeg, MB",0.5,"Canada","downtown","Winnipeg","Season_7",44,"#e41a1c"
"102","Winnipeg, MB",0.482741843381319,"Canada","downtown","Winnipeg","Season_9",45,"#e41a1c"
"103","Winnipeg, MB",0.481630714320137,"Canada","downtown","Winnipeg","Season_11",51,"#e41a1c"
"104","Winnipeg, MB",0.457373056716729,"Canada","downtown","Winnipeg","Season_8",46,"#e41a1c"
"105","Winnipeg, MB",0.455909090909091,"Canada","downtown","Winnipeg","Season_3",42,"#e41a1c"
"106","Winnipeg, MB",0.453333333333333,"Canada","downtown","Winnipeg","Season_2",33,"#e41a1c"
"107","Winnipeg, MB",0.448181818181818,"Canada","downtown","Winnipeg","Season_6",49,"#e41a1c"
"108","Winnipeg, MB",0.438888888888889,"Canada","downtown","Winnipeg","Season_5",43,"#e41a1c"
"109","Winnipeg, MB",0.435,"Canada","downtown","Winnipeg","Season_4",40,"#e41a1c"
"110","Winnipeg, MB",0.425369639315841,"Canada","downtown","Winnipeg","Season_10",53,"#e41a1c"
"111","Chicago, IL",0.50252896153311,"Midwest","downtown","Chicago","Season_11",48,"#377eb8"
"112","Chicago, IL",0.476547746992193,"Midwest","downtown","Chicago","Season_10",44,"#377eb8"
"113","Chicago, IL",0.471666666666667,"Midwest","downtown","Chicago","Season_7",48,"#377eb8"
"114","Chicago, IL",0.45186585514928,"Midwest","downtown","Chicago","Season_8",48,"#377eb8"
"115","Chicago, IL",0.434444444444444,"Midwest","downtown","Chicago","Season_6",51,"#377eb8"
"116","Chicago, IL",0.426039140714014,"Midwest","downtown","Chicago","Season_9",58,"#377eb8"
"117","Chicago, IL",0.375454545454545,"Midwest","downtown","Chicago","Season_3",52,"#377eb8"
"118","Chicago, IL",0.37,"Midwest","downtown","Chicago","Season_1",49,"#377eb8"
"119","Chicago, IL",0.311428571428571,"Midwest","downtown","Chicago","Season_5",58,"#377eb8"
"120","Chicago, IL",0.287,"Midwest","downtown","Chicago","Season_4",60,"#377eb8"
"121","Chicago, IL",0.237,"Midwest","downtown","Chicago","Season_2",61,"#377eb8"
"122","Cincinnati, OH",0.668333333333333,"Midwest","downtown","Cincinnati","Season_6",22,"#377eb8"
"123","Cincinnati, OH",0.641818181818182,"Midwest","downtown","Cincinnati","Season_7",29,"#377eb8"
"124","Cincinnati, OH",0.571574296147296,"Midwest","downtown","Cincinnati","Season_11",37,"#377eb8"
"125","Cincinnati, OH",0.566035773637019,"Midwest","downtown","Cincinnati","Season_8",32,"#377eb8"
"126","Cincinnati, OH",0.541596010295253,"Midwest","downtown","Cincinnati","Season_10",35,"#377eb8"
"127","Cincinnati, OH",0.535511655875268,"Midwest","downtown","Cincinnati","Season_9",36,"#377eb8"
"128","Cincinnati, OH",0.518,"Midwest","downtown","Cincinnati","Season_5",32,"#377eb8"
"129","Cincinnati, OH",0.514583333333333,"Midwest","downtown","Cincinnati","Season_3",32,"#377eb8"
"130","Cincinnati, OH",0.458,"Midwest","downtown","Cincinnati","Season_4",35,"#377eb8"
"131","Cincinnati, OH",0.402727272727273,"Midwest","downtown","Cincinnati","Season_2",36,"#377eb8"
"132","Cincinnati, OH",0.395,"Midwest","downtown","Cincinnati","Season_1",45,"#377eb8"
"133","Cleveland, OH",0.5125,"Midwest","downtown","Cleveland","Season_2",20,"#377eb8"
"134","Cleveland, OH",0.48,"Midwest","downtown","Cleveland","Season_1",31,"#377eb8"
"135","Cleveland, OH",0.452835877803241,"Midwest","downtown","Cleveland","Season_8",47,"#377eb8"
"136","Cleveland, OH",0.412727272727273,"Midwest","downtown","Cleveland","Season_4",43,"#377eb8"
"137","Cleveland, OH",0.411428571428571,"Midwest","downtown","Cleveland","Season_7",58,"#377eb8"
"138","Cleveland, OH",0.384545454545455,"Midwest","downtown","Cleveland","Season_3",49,"#377eb8"
"139","Cleveland, OH",0.363507915353498,"Midwest","downtown","Cleveland","Season_11",61,"#377eb8"
"140","Cleveland, OH",0.357031177935086,"Midwest","downtown","Cleveland","Season_9",61,"#377eb8"
"141","Cleveland, OH",0.313636363636364,"Midwest","downtown","Cleveland","Season_6",62,"#377eb8"
"142","Cleveland, OH",0.30461619502421,"Midwest","downtown","Cleveland","Season_10",62,"#377eb8"
"143","Cleveland, OH",0.293333333333333,"Midwest","downtown","Cleveland","Season_5",59,"#377eb8"
"144","Columbus, OH",1.12153278462065,"Midwest","downtown","Columbus","Season_9",3,"#377eb8"
"145","Columbus, OH",1.04629600598957,"Midwest","downtown","Columbus","Season_8",4,"#377eb8"
"146","Columbus, OH",1,"Midwest","downtown","Columbus","Season_4",2,"#377eb8"
"147","Columbus, OH",0.934936495382568,"Midwest","downtown","Columbus","Season_11",8,"#377eb8"
"148","Columbus, OH",0.744166666666667,"Midwest","downtown","Columbus","Season_7",18,"#377eb8"
"149","Columbus, OH",0.686751454529409,"Midwest","downtown","Columbus","Season_10",19,"#377eb8"
"150","Columbus, OH",0.526,"Midwest","downtown","Columbus","Season_5",29,"#377eb8"
"151","Columbus, OH",0.433846153846154,"Midwest","downtown","Columbus","Season_3",45,"#377eb8"
"152","Columbus, OH",0.408461538461538,"Midwest","downtown","Columbus","Season_6",55,"#377eb8"
"153","Columbus, OH",0.399444444444444,"Midwest","downtown","Columbus","Season_1",44,"#377eb8"
"154","Columbus, OH",0.298333333333333,"Midwest","downtown","Columbus","Season_2",55,"#377eb8"
"155","Detroit, MI",0.523043013653233,"Midwest","downtown","Detroit","Season_10",38,"#377eb8"
"156","Detroit, MI",0.4865208508148,"Midwest","downtown","Detroit","Season_11",50,"#377eb8"
"157","Detroit, MI",0.472857142857143,"Midwest","downtown","Detroit","Season_7",47,"#377eb8"
"158","Detroit, MI",0.444388723764755,"Midwest","downtown","Detroit","Season_8",50,"#377eb8"
"159","Detroit, MI",0.4234393357334,"Midwest","downtown","Detroit","Season_9",59,"#377eb8"
"160","Detroit, MI",0.412857142857143,"Midwest","downtown","Detroit","Season_6",54,"#377eb8"
"161","Detroit, MI",0.379090909090909,"Midwest","downtown","Detroit","Season_3",50,"#377eb8"
"162","Detroit, MI",0.345555555555556,"Midwest","downtown","Detroit","Season_5",54,"#377eb8"
"163","Detroit, MI",0.282272727272727,"Midwest","downtown","Detroit","Season_1",61,"#377eb8"
"164","Detroit, MI",0.259,"Midwest","downtown","Detroit","Season_4",61,"#377eb8"
"165","Detroit, MI",0.258888888888889,"Midwest","downtown","Detroit","Season_2",59,"#377eb8"
"166","Indianapolis, IN",0.498,"Midwest","downtown","Indianapolis","Season_7",45,"#377eb8"
"167","Indianapolis, IN",0.488181818181818,"Midwest","downtown","Indianapolis","Season_4",32,"#377eb8"
"168","Indianapolis, IN",0.464166666666667,"Midwest","downtown","Indianapolis","Season_5",39,"#377eb8"
"169","Indianapolis, IN",0.462,"Midwest","downtown","Indianapolis","Season_6",44,"#377eb8"
"170","Indianapolis, IN",0.43782514421882,"Midwest","downtown","Indianapolis","Season_9",56,"#377eb8"
"171","Indianapolis, IN",0.432575798665262,"Midwest","downtown","Indianapolis","Season_8",53,"#377eb8"
"172","Indianapolis, IN",0.408181818181818,"Midwest","downtown","Indianapolis","Season_2",35,"#377eb8"
"173","Indianapolis, IN",0.3975,"Midwest","downtown","Indianapolis","Season_3",48,"#377eb8"
"174","Indianapolis, IN",0.384016990335474,"Midwest","downtown","Indianapolis","Season_11",59,"#377eb8"
"175","Indianapolis, IN",0.383366085878747,"Midwest","downtown","Indianapolis","Season_10",59,"#377eb8"
"176","Indianapolis, IN",0.37,"Midwest","downtown","Indianapolis","Season_1",50,"#377eb8"
"177","Kansas City, MO",0.986666666666667,"Midwest","downtown","Kansas City","Season_1",1,"#377eb8"
"178","Kansas City, MO",0.8325,"Midwest","downtown","Kansas City","Season_2",3,"#377eb8"
"179","Kansas City, MO",0.613636363636364,"Midwest","downtown","Kansas City","Season_6",29,"#377eb8"
"180","Kansas City, MO",0.537656527160347,"Midwest","downtown","Kansas City","Season_10",36,"#377eb8"
"181","Kansas City, MO",0.53083686572433,"Midwest","downtown","Kansas City","Season_9",37,"#377eb8"
"182","Kansas City, MO",0.484615384615385,"Midwest","downtown","Kansas City","Season_3",36,"#377eb8"
"183","Kansas City, MO",0.481666666666667,"Midwest","downtown","Kansas City","Season_5",35,"#377eb8"
"184","Kansas City, MO",0.471113174529716,"Midwest","downtown","Kansas City","Season_8",43,"#377eb8"
"185","Kansas City, MO",0.469831165756836,"Midwest","downtown","Kansas City","Season_11",53,"#377eb8"
"186","Kansas City, MO",0.45,"Midwest","downtown","Kansas City","Season_7",51,"#377eb8"
"187","Kansas City, MO",0.391666666666667,"Midwest","downtown","Kansas City","Season_4",47,"#377eb8"
"188","Louisville, KY",0.625416666666667,"Midwest","downtown","Louisville","Season_1",9,"#377eb8"
"189","Louisville, KY",0.506926300421839,"Midwest","downtown","Louisville","Season_8",37,"#377eb8"
"190","Louisville, KY",0.497692307692308,"Midwest","downtown","Louisville","Season_6",38,"#377eb8"
"191","Louisville, KY",0.491111111111111,"Midwest","downtown","Louisville","Season_4",31,"#377eb8"
"192","Louisville, KY",0.472071443979709,"Midwest","downtown","Louisville","Season_9",48,"#377eb8"
"193","Louisville, KY",0.4425,"Midwest","downtown","Louisville","Season_5",42,"#377eb8"
"194","Louisville, KY",0.4025,"Midwest","downtown","Louisville","Season_7",60,"#377eb8"
"195","Louisville, KY",0.399041828210693,"Midwest","downtown","Louisville","Season_10",58,"#377eb8"
"196","Louisville, KY",0.385469478648006,"Midwest","downtown","Louisville","Season_11",58,"#377eb8"
"197","Louisville, KY",0.375,"Midwest","downtown","Louisville","Season_3",53,"#377eb8"
"198","Louisville, KY",0.368,"Midwest","downtown","Louisville","Season_2",43,"#377eb8"
"199","Milwaukee, WI",0.767142857142857,"Midwest","downtown","Milwaukee","Season_7",16,"#377eb8"
"200","Milwaukee, WI",0.756010638456642,"Midwest","downtown","Milwaukee","Season_9",16,"#377eb8"
"201","Milwaukee, WI",0.750274269492125,"Midwest","downtown","Milwaukee","Season_8",12,"#377eb8"
"202","Milwaukee, WI",0.743846153846154,"Midwest","downtown","Milwaukee","Season_3",9,"#377eb8"
"203","Milwaukee, WI",0.707325946685995,"Midwest","downtown","Milwaukee","Season_11",22,"#377eb8"
"204","Milwaukee, WI",0.671111111111111,"Midwest","downtown","Milwaukee","Season_4",12,"#377eb8"
"205","Milwaukee, WI",0.664444444444444,"Midwest","downtown","Milwaukee","Season_5",15,"#377eb8"
"206","Milwaukee, WI",0.660690133983221,"Midwest","downtown","Milwaukee","Season_10",26,"#377eb8"
"207","Milwaukee, WI",0.620909090909091,"Midwest","downtown","Milwaukee","Season_6",27,"#377eb8"
"208","Milwaukee, WI",0.565454545454545,"Midwest","downtown","Milwaukee","Season_1",18,"#377eb8"
"209","Milwaukee, WI",0.500833333333333,"Midwest","downtown","Milwaukee","Season_2",27,"#377eb8"
"210","Minneapolis, MN",0.509049284279303,"Midwest","downtown","Minneapolis","Season_11",46,"#377eb8"
"211","Minneapolis, MN",0.458461538461538,"Midwest","downtown","Minneapolis","Season_7",50,"#377eb8"
"212","Minneapolis, MN",0.441119951489089,"Midwest","downtown","Minneapolis","Season_9",54,"#377eb8"
"213","Minneapolis, MN",0.424264526816172,"Midwest","downtown","Minneapolis","Season_10",54,"#377eb8"
"214","Minneapolis, MN",0.4195,"Midwest","downtown","Minneapolis","Season_1",41,"#377eb8"
"215","Minneapolis, MN",0.417508183531787,"Midwest","downtown","Minneapolis","Season_8",57,"#377eb8"
"216","Minneapolis, MN",0.379,"Midwest","downtown","Minneapolis","Season_6",57,"#377eb8"
"217","Minneapolis, MN",0.353181818181818,"Midwest","downtown","Minneapolis","Season_3",55,"#377eb8"
"218","Minneapolis, MN",0.335714285714286,"Midwest","downtown","Minneapolis","Season_4",54,"#377eb8"
"219","Minneapolis, MN",0.329,"Midwest","downtown","Minneapolis","Season_2",49,"#377eb8"
"220","Minneapolis, MN",0.283333333333333,"Midwest","downtown","Minneapolis","Season_5",60,"#377eb8"
"221","Omaha, NE",0.951440724668015,"Midwest","downtown","Omaha","Season_11",6,"#377eb8"
"222","Omaha, NE",0.919112002038487,"Midwest","downtown","Omaha","Season_9",5,"#377eb8"
"223","Omaha, NE",0.814838750247766,"Midwest","downtown","Omaha","Season_10",8,"#377eb8"
"224","Omaha, NE",0.796153846153846,"Midwest","downtown","Omaha","Season_7",11,"#377eb8"
"225","Omaha, NE",0.781,"Midwest","downtown","Omaha","Season_6",10,"#377eb8"
"226","Omaha, NE",0.74,"Midwest","downtown","Omaha","Season_3",10,"#377eb8"
"227","Omaha, NE",0.733333333333333,"Midwest","downtown","Omaha","Season_5",8,"#377eb8"
"228","Omaha, NE",0.729657598489,"Midwest","downtown","Omaha","Season_8",14,"#377eb8"
"229","Omaha, NE",0.669090909090909,"Midwest","downtown","Omaha","Season_4",13,"#377eb8"
"230","Omaha, NE",0.595,"Midwest","downtown","Omaha","Season_1",14,"#377eb8"
"231","Omaha, NE",0.510909090909091,"Midwest","downtown","Omaha","Season_2",22,"#377eb8"
"232","St. Louis, MO",0.56583850795966,"Midwest","downtown","St Louis","Season_11",38,"#377eb8"
"233","St. Louis, MO",0.543846153846154,"Midwest","downtown","St Louis","Season_5",27,"#377eb8"
"234","St. Louis, MO",0.531666666666667,"Midwest","downtown","St Louis","Season_7",42,"#377eb8"
"235","St. Louis, MO",0.501455592255398,"Midwest","downtown","St Louis","Season_9",44,"#377eb8"
"236","St. Louis, MO",0.489166666666667,"Midwest","downtown","St Louis","Season_6",39,"#377eb8"
"237","St. Louis, MO",0.466399778082005,"Midwest","downtown","St Louis","Season_8",45,"#377eb8"
"238","St. Louis, MO",0.442727272727273,"Midwest","downtown","St Louis","Season_4",37,"#377eb8"
"239","St. Louis, MO",0.432111967868853,"Midwest","downtown","St Louis","Season_10",52,"#377eb8"
"240","St. Louis, MO",0.338888888888889,"Midwest","downtown","St Louis","Season_3",57,"#377eb8"
"241","St. Louis, MO",0.328181818181818,"Midwest","downtown","St Louis","Season_2",50,"#377eb8"
"242","St. Louis, MO",0.317,"Midwest","downtown","St Louis","Season_1",57,"#377eb8"
"243","Wichita, KS",0.845503301560035,"Midwest","downtown","Wichita","Season_10",7,"#377eb8"
"244","Wichita, KS",0.829852601613364,"Midwest","downtown","Wichita","Season_11",11,"#377eb8"
"245","Wichita, KS",0.829788571612427,"Midwest","downtown","Wichita","Season_9",11,"#377eb8"
"246","Wichita, KS",0.795454545454545,"Midwest","downtown","Wichita","Season_6",9,"#377eb8"
"247","Wichita, KS",0.791666666666667,"Midwest","downtown","Wichita","Season_7",12,"#377eb8"
"248","Wichita, KS",0.784444444444444,"Midwest","downtown","Wichita","Season_5",7,"#377eb8"
"249","Wichita, KS",0.723426222957792,"Midwest","downtown","Wichita","Season_8",16,"#377eb8"
"250","Wichita, KS",0.690833333333333,"Midwest","downtown","Wichita","Season_3",15,"#377eb8"
"251","Wichita, KS",0.675,"Midwest","downtown","Wichita","Season_4",11,"#377eb8"
"252","Wichita, KS",0.653,"Midwest","downtown","Wichita","Season_2",8,"#377eb8"
"253","Wichita, KS",0.61,"Midwest","downtown","Wichita","Season_1",10,"#377eb8"
"254","Baltimore, MD",0.946719728265062,"Northeast","downtown","Baltimore","Season_11",7,"#4daf4a"
"255","Baltimore, MD",0.913880878509941,"Northeast","downtown","Baltimore","Season_9",6,"#4daf4a"
"256","Baltimore, MD",0.865454545454545,"Northeast","downtown","Baltimore","Season_7",7,"#4daf4a"
"257","Baltimore, MD",0.845278217455864,"Northeast","downtown","Baltimore","Season_8",6,"#4daf4a"
"258","Baltimore, MD",0.800928777211981,"Northeast","downtown","Baltimore","Season_10",10,"#4daf4a"
"259","Baltimore, MD",0.759166666666667,"Northeast","downtown","Baltimore","Season_3",8,"#4daf4a"
"260","Baltimore, MD",0.699090909090909,"Northeast","downtown","Baltimore","Season_6",18,"#4daf4a"
"261","Baltimore, MD",0.662,"Northeast","downtown","Baltimore","Season_5",16,"#4daf4a"
"262","Baltimore, MD",0.632222222222222,"Northeast","downtown","Baltimore","Season_4",16,"#4daf4a"
"263","Baltimore, MD",0.586363636363636,"Northeast","downtown","Baltimore","Season_2",12,"#4daf4a"
"264","Baltimore, MD",0.572083333333333,"Northeast","downtown","Baltimore","Season_1",16,"#4daf4a"
"265","Boston, MA",0.6,"Northeast","downtown","Boston","Season_6",30,"#4daf4a"
"266","Boston, MA",0.556363636363636,"Northeast","downtown","Boston","Season_7",35,"#4daf4a"
"267","Boston, MA",0.5513353965458,"Northeast","downtown","Boston","Season_10",34,"#4daf4a"
"268","Boston, MA",0.538821631229814,"Northeast","downtown","Boston","Season_11",40,"#4daf4a"
"269","Boston, MA",0.523475111687101,"Northeast","downtown","Boston","Season_9",39,"#4daf4a"
"270","Boston, MA",0.428998627568352,"Northeast","downtown","Boston","Season_8",54,"#4daf4a"
"271","Boston, MA",0.40875,"Northeast","downtown","Boston","Season_5",45,"#4daf4a"
"272","Boston, MA",0.398888888888889,"Northeast","downtown","Boston","Season_3",47,"#4daf4a"
"273","Boston, MA",0.337,"Northeast","downtown","Boston","Season_4",53,"#4daf4a"
"274","Boston, MA",0.316,"Northeast","downtown","Boston","Season_1",58,"#4daf4a"
"275","Boston, MA",0.279090909090909,"Northeast","downtown","Boston","Season_2",58,"#4daf4a"
"276","New York, NY",0.778402611922658,"Northeast","downtown","New York","Season_9",14,"#4daf4a"
"277","New York, NY",0.740296287596794,"Northeast","downtown","New York","Season_11",18,"#4daf4a"
"278","New York, NY",0.677547454112105,"Northeast","downtown","New York","Season_10",21,"#4daf4a"
"279","New York, NY",0.54,"Northeast","downtown","New York","Season_7",40,"#4daf4a"
"280","New York, NY",0.528358917430783,"Northeast","downtown","New York","Season_8",36,"#4daf4a"
"281","New York, NY",0.46625,"Northeast","downtown","New York","Season_6",43,"#4daf4a"
"282","New York, NY",0.3325,"Northeast","downtown","New York","Season_3",58,"#4daf4a"
"283","New York, NY",0.33125,"Northeast","downtown","New York","Season_5",55,"#4daf4a"
"284","New York, NY",0.313636363636364,"Northeast","downtown","New York","Season_1",59,"#4daf4a"
"285","New York, NY",0.298888888888889,"Northeast","downtown","New York","Season_4",58,"#4daf4a"
"286","New York, NY",0.25125,"Northeast","downtown","New York","Season_2",60,"#4daf4a"
"287","Philadelphia, PA",0.587272727272727,"Northeast","downtown","Philadelphia","Season_7",32,"#4daf4a"
"288","Philadelphia, PA",0.509569944014429,"Northeast","downtown","Philadelphia","Season_9",42,"#4daf4a"
"289","Philadelphia, PA",0.479,"Northeast","downtown","Philadelphia","Season_3",39,"#4daf4a"
"290","Philadelphia, PA",0.477380940255122,"Northeast","downtown","Philadelphia","Season_8",40,"#4daf4a"
"291","Philadelphia, PA",0.472329489119194,"Northeast","downtown","Philadelphia","Season_11",52,"#4daf4a"
"292","Philadelphia, PA",0.47,"Northeast","downtown","Philadelphia","Season_5",38,"#4daf4a"
"293","Philadelphia, PA",0.46,"Northeast","downtown","Philadelphia","Season_6",45,"#4daf4a"
"294","Philadelphia, PA",0.4226252268771,"Northeast","downtown","Philadelphia","Season_10",55,"#4daf4a"
"295","Philadelphia, PA",0.408181818181818,"Northeast","downtown","Philadelphia","Season_4",45,"#4daf4a"
"296","Philadelphia, PA",0.404166666666667,"Northeast","downtown","Philadelphia","Season_1",43,"#4daf4a"
"297","Philadelphia, PA",0.313,"Northeast","downtown","Philadelphia","Season_2",54,"#4daf4a"
"298","Pittsburgh, PA",0.639233308854939,"Northeast","downtown","Pittsburgh","Season_11",30,"#4daf4a"
"299","Pittsburgh, PA",0.630909090909091,"Northeast","downtown","Pittsburgh","Season_7",30,"#4daf4a"
"300","Pittsburgh, PA",0.621753654755434,"Northeast","downtown","Pittsburgh","Season_8",24,"#4daf4a"
"301","Pittsburgh, PA",0.552,"Northeast","downtown","Pittsburgh","Season_5",25,"#4daf4a"
"302","Pittsburgh, PA",0.544545454545455,"Northeast","downtown","Pittsburgh","Season_6",36,"#4daf4a"
"303","Pittsburgh, PA",0.543687750962744,"Northeast","downtown","Pittsburgh","Season_9",35,"#4daf4a"
"304","Pittsburgh, PA",0.521111111111111,"Northeast","downtown","Pittsburgh","Season_3",30,"#4daf4a"
"305","Pittsburgh, PA",0.507,"Northeast","downtown","Pittsburgh","Season_4",28,"#4daf4a"
"306","Pittsburgh, PA",0.492617077263901,"Northeast","downtown","Pittsburgh","Season_10",41,"#4daf4a"
"307","Pittsburgh, PA",0.469166666666667,"Northeast","downtown","Pittsburgh","Season_2",30,"#4daf4a"
"308","Pittsburgh, PA",0.43,"Northeast","downtown","Pittsburgh","Season_1",40,"#4daf4a"
"309","Washington DC",0.942916666666667,"Northeast","downtown","Washington DC","Season_3",2,"#4daf4a"
"310","Washington DC",0.728003927283093,"Northeast","downtown","Washington DC","Season_11",19,"#4daf4a"
"311","Washington DC",0.692952522462036,"Northeast","downtown","Washington DC","Season_10",18,"#4daf4a"
"312","Washington DC",0.685,"Northeast","downtown","Washington DC","Season_7",23,"#4daf4a"
"313","Washington DC",0.662,"Northeast","downtown","Washington DC","Season_1",7,"#4daf4a"
"314","Washington DC",0.651391926504296,"Northeast","downtown","Washington DC","Season_9",24,"#4daf4a"
"315","Washington DC",0.649166666666667,"Northeast","downtown","Washington DC","Season_2",9,"#4daf4a"
"316","Washington DC",0.626363636363636,"Northeast","downtown","Washington DC","Season_6",26,"#4daf4a"
"317","Washington DC",0.614009308630147,"Northeast","downtown","Washington DC","Season_8",25,"#4daf4a"
"318","Washington DC",0.600909090909091,"Northeast","downtown","Washington DC","Season_5",19,"#4daf4a"
"319","Washington DC",0.554166666666667,"Northeast","downtown","Washington DC","Season_4",20,"#4daf4a"
"320","Bakersfield, CA",1.25339675604912,"Pacific","downtown","Bakersfield","Season_11",2,"#984ea3"
"321","Bakersfield, CA",1.19833333333333,"Pacific","downtown","Bakersfield","Season_7",1,"#984ea3"
"322","Bakersfield, CA",1.19169045754152,"Pacific","downtown","Bakersfield","Season_10",2,"#984ea3"
"323","Bakersfield, CA",1.17335015176475,"Pacific","downtown","Bakersfield","Season_9",2,"#984ea3"
"324","Bakersfield, CA",1.137,"Pacific","downtown","Bakersfield","Season_6",1,"#984ea3"
"325","Bakersfield, CA",1.077,"Pacific","downtown","Bakersfield","Season_5",1,"#984ea3"
"326","Bakersfield, CA",1.06546946191967,"Pacific","downtown","Bakersfield","Season_8",3,"#984ea3"
"327","Bakersfield, CA",1.01409090909091,"Pacific","downtown","Bakersfield","Season_3",1,"#984ea3"
"328","Bakersfield, CA",1.00916666666667,"Pacific","downtown","Bakersfield","Season_4",1,"#984ea3"
"329","Bakersfield, CA",0.927272727272727,"Pacific","downtown","Bakersfield","Season_2",2,"#984ea3"
"330","Bakersfield, CA",0.882,"Pacific","downtown","Bakersfield","Season_1",3,"#984ea3"
"331","Fresno, CA",1.21159752623657,"Pacific","downtown","Fresno","Season_11",3,"#984ea3"
"332","Fresno, CA",1.18765734206057,"Pacific","downtown","Fresno","Season_10",3,"#984ea3"
"333","Fresno, CA",1.07993389719628,"Pacific","downtown","Fresno","Season_9",4,"#984ea3"
"334","Fresno, CA",1.03386943306583,"Pacific","downtown","Fresno","Season_8",5,"#984ea3"
"335","Fresno, CA",1.02153846153846,"Pacific","downtown","Fresno","Season_7",3,"#984ea3"
"336","Fresno, CA",0.916,"Pacific","downtown","Fresno","Season_6",3,"#984ea3"
"337","Fresno, CA",0.818,"Pacific","downtown","Fresno","Season_5",3,"#984ea3"
"338","Fresno, CA",0.81,"Pacific","downtown","Fresno","Season_1",4,"#984ea3"
"339","Fresno, CA",0.797,"Pacific","downtown","Fresno","Season_3",4,"#984ea3"
"340","Fresno, CA",0.793333333333333,"Pacific","downtown","Fresno","Season_4",4,"#984ea3"
"341","Fresno, CA",0.764,"Pacific","downtown","Fresno","Season_2",4,"#984ea3"
"342","Honolulu, HI",0.948,"Pacific","downtown","Honolulu","Season_2",1,"#984ea3"
"343","Honolulu, HI",0.9105,"Pacific","downtown","Honolulu","Season_1",2,"#984ea3"
"344","Honolulu, HI",0.848333333333333,"Pacific","downtown","Honolulu","Season_4",3,"#984ea3"
"345","Honolulu, HI",0.839496708152467,"Pacific","downtown","Honolulu","Season_9",10,"#984ea3"
"346","Honolulu, HI",0.795836591461295,"Pacific","downtown","Honolulu","Season_10",12,"#984ea3"
"347","Honolulu, HI",0.793,"Pacific","downtown","Honolulu","Season_5",5,"#984ea3"
"348","Honolulu, HI",0.791,"Pacific","downtown","Honolulu","Season_3",5,"#984ea3"
"349","Honolulu, HI",0.784679995001202,"Pacific","downtown","Honolulu","Season_11",15,"#984ea3"
"350","Honolulu, HI",0.77,"Pacific","downtown","Honolulu","Season_6",12,"#984ea3"
"351","Honolulu, HI",0.767572282389131,"Pacific","downtown","Honolulu","Season_8",11,"#984ea3"
"352","Honolulu, HI",0.76,"Pacific","downtown","Honolulu","Season_7",17,"#984ea3"
"353","Los Angeles, CA",0.665,"Pacific","downtown","Los Angeles","Season_7",27,"#984ea3"
"354","Los Angeles, CA",0.664854332190501,"Pacific","downtown","Los Angeles","Season_10",25,"#984ea3"
"355","Los Angeles, CA",0.65093050775195,"Pacific","downtown","Los Angeles","Season_11",27,"#984ea3"
"356","Los Angeles, CA",0.638571428571429,"Pacific","downtown","Los Angeles","Season_6",23,"#984ea3"
"357","Los Angeles, CA",0.611317239094432,"Pacific","downtown","Los Angeles","Season_9",28,"#984ea3"
"358","Los Angeles, CA",0.597438175815353,"Pacific","downtown","Los Angeles","Season_8",27,"#984ea3"
"359","Los Angeles, CA",0.595,"Pacific","downtown","Los Angeles","Season_3",22,"#984ea3"
"360","Los Angeles, CA",0.567,"Pacific","downtown","Los Angeles","Season_5",22,"#984ea3"
"361","Los Angeles, CA",0.542222222222222,"Pacific","downtown","Los Angeles","Season_2",18,"#984ea3"
"362","Los Angeles, CA",0.540909090909091,"Pacific","downtown","Los Angeles","Season_4",23,"#984ea3"
"363","Los Angeles, CA",0.51375,"Pacific","downtown","Los Angeles","Season_1",25,"#984ea3"
"364","Oakland, CA",0.60375,"Pacific","downtown","Oakland","Season_1",11,"#984ea3"
"365","Oakland, CA",0.565,"Pacific","downtown","Oakland","Season_6",35,"#984ea3"
"366","Oakland, CA",0.552857142857143,"Pacific","downtown","Oakland","Season_3",26,"#984ea3"
"367","Oakland, CA",0.547777777777778,"Pacific","downtown","Oakland","Season_7",39,"#984ea3"
"368","Oakland, CA",0.512,"Pacific","downtown","Oakland","Season_4",27,"#984ea3"
"369","Oakland, CA",0.511818181818182,"Pacific","downtown","Oakland","Season_2",21,"#984ea3"
"370","Oakland, CA",0.492249753874716,"Pacific","downtown","Oakland","Season_11",49,"#984ea3"
"371","Oakland, CA",0.484444444444444,"Pacific","downtown","Oakland","Season_5",34,"#984ea3"
"372","Oakland, CA",0.476480232095932,"Pacific","downtown","Oakland","Season_10",45,"#984ea3"
"373","Oakland, CA",0.466631713222466,"Pacific","downtown","Oakland","Season_8",44,"#984ea3"
"374","Oakland, CA",0.464836912115579,"Pacific","downtown","Oakland","Season_9",49,"#984ea3"
"375","Portland, OR",0.599090909090909,"Pacific","downtown","Portland","Season_1",13,"#984ea3"
"376","Portland, OR",0.47875,"Pacific","downtown","Portland","Season_7",46,"#984ea3"
"377","Portland, OR",0.413264205882938,"Pacific","downtown","Portland","Season_9",60,"#984ea3"
"378","Portland, OR",0.378888888888889,"Pacific","downtown","Portland","Season_5",49,"#984ea3"
"379","Portland, OR",0.3775,"Pacific","downtown","Portland","Season_2",41,"#984ea3"
"380","Portland, OR",0.372813208845109,"Pacific","downtown","Portland","Season_11",60,"#984ea3"
"381","Portland, OR",0.362644276500476,"Pacific","downtown","Portland","Season_8",59,"#984ea3"
"382","Portland, OR",0.362,"Pacific","downtown","Portland","Season_6",58,"#984ea3"
"383","Portland, OR",0.326334418494907,"Pacific","downtown","Portland","Season_10",61,"#984ea3"
"384","Portland, OR",0.319444444444444,"Pacific","downtown","Portland","Season_3",59,"#984ea3"
"385","Portland, OR",0.306666666666667,"Pacific","downtown","Portland","Season_4",57,"#984ea3"
"386","Sacramento, CA",0.801788233788623,"Pacific","downtown","Sacramento","Season_9",13,"#984ea3"
"387","Sacramento, CA",0.767832255069569,"Pacific","downtown","Sacramento","Season_10",14,"#984ea3"
"388","Sacramento, CA",0.754574921673326,"Pacific","downtown","Sacramento","Season_11",17,"#984ea3"
"389","Sacramento, CA",0.68,"Pacific","downtown","Sacramento","Season_7",24,"#984ea3"
"390","Sacramento, CA",0.667464961536814,"Pacific","downtown","Sacramento","Season_8",21,"#984ea3"
"391","Sacramento, CA",0.626666666666667,"Pacific","downtown","Sacramento","Season_6",25,"#984ea3"
"392","Sacramento, CA",0.6155,"Pacific","downtown","Sacramento","Season_3",21,"#984ea3"
"393","Sacramento, CA",0.539090909090909,"Pacific","downtown","Sacramento","Season_1",21,"#984ea3"
"394","Sacramento, CA",0.52,"Pacific","downtown","Sacramento","Season_5",31,"#984ea3"
"395","Sacramento, CA",0.519090909090909,"Pacific","downtown","Sacramento","Season_2",19,"#984ea3"
"396","Sacramento, CA",0.5,"Pacific","downtown","Sacramento","Season_4",30,"#984ea3"
"397","San Diego, CA",0.985836921018153,"Pacific","downtown","San Diego","Season_11",5,"#984ea3"
"398","San Diego, CA",0.971538461538462,"Pacific","downtown","San Diego","Season_6",2,"#984ea3"
"399","San Diego, CA",0.96355136044413,"Pacific","downtown","San Diego","Season_10",4,"#984ea3"
"400","San Diego, CA",0.922142857142857,"Pacific","downtown","San Diego","Season_7",5,"#984ea3"
"401","San Diego, CA",0.891254318818246,"Pacific","downtown","San Diego","Season_9",8,"#984ea3"
"402","San Diego, CA",0.819777941748278,"Pacific","downtown","San Diego","Season_8",8,"#984ea3"
"403","San Diego, CA",0.816666666666667,"Pacific","downtown","San Diego","Season_5",4,"#984ea3"
"404","San Diego, CA",0.798636363636364,"Pacific","downtown","San Diego","Season_3",3,"#984ea3"
"405","San Diego, CA",0.578333333333333,"Pacific","downtown","San Diego","Season_4",19,"#984ea3"
"406","San Diego, CA",0.506666666666667,"Pacific","downtown","San Diego","Season_2",24,"#984ea3"
"407","San Diego, CA",0.4615,"Pacific","downtown","San Diego","Season_1",32,"#984ea3"
"408","San Francisco, CA",0.349853735367802,"Pacific","downtown","San Francisco","Season_10",60,"#984ea3"
"409","San Francisco, CA",0.326666666666667,"Pacific","downtown","San Francisco","Season_6",61,"#984ea3"
"410","San Francisco, CA",0.307947503202195,"Pacific","downtown","San Francisco","Season_9",62,"#984ea3"
"411","San Francisco, CA",0.305349601638992,"Pacific","downtown","San Francisco","Season_11",62,"#984ea3"
"412","San Francisco, CA",0.2955,"Pacific","downtown","San Francisco","Season_1",60,"#984ea3"
"413","San Francisco, CA",0.286666666666667,"Pacific","downtown","San Francisco","Season_7",62,"#984ea3"
"414","San Francisco, CA",0.261613704085807,"Pacific","downtown","San Francisco","Season_8",62,"#984ea3"
"415","San Francisco, CA",0.245,"Pacific","downtown","San Francisco","Season_3",62,"#984ea3"
"416","San Francisco, CA",0.243,"Pacific","downtown","San Francisco","Season_4",62,"#984ea3"
"417","San Francisco, CA",0.241428571428571,"Pacific","downtown","San Francisco","Season_5",62,"#984ea3"
"418","San Francisco, CA",0.23,"Pacific","downtown","San Francisco","Season_2",62,"#984ea3"
"419","San Jose, CA",0.691666666666667,"Pacific","downtown","San Jose","Season_6",20,"#984ea3"
"420","San Jose, CA",0.675522261930526,"Pacific","downtown","San Jose","Season_11",26,"#984ea3"
"421","San Jose, CA",0.67,"Pacific","downtown","San Jose","Season_7",25,"#984ea3"
"422","San Jose, CA",0.66506956150494,"Pacific","downtown","San Jose","Season_10",24,"#984ea3"
"423","San Jose, CA",0.594479357287807,"Pacific","downtown","San Jose","Season_8",29,"#984ea3"
"424","San Jose, CA",0.504809316474029,"Pacific","downtown","San Jose","Season_9",43,"#984ea3"
"425","San Jose, CA",0.495416666666667,"Pacific","downtown","San Jose","Season_3",34,"#984ea3"
"426","San Jose, CA",0.451111111111111,"Pacific","downtown","San Jose","Season_5",41,"#984ea3"
"427","San Jose, CA",0.442,"Pacific","downtown","San Jose","Season_1",37,"#984ea3"
"428","San Jose, CA",0.436363636363636,"Pacific","downtown","San Jose","Season_2",34,"#984ea3"
"429","San Jose, CA",0.345,"Pacific","downtown","San Jose","Season_4",52,"#984ea3"
"430","Seattle, WA",0.517019166072109,"Pacific","downtown","Seattle","Season_9",40,"#984ea3"
"431","Seattle, WA",0.46,"Pacific","downtown","Seattle","Season_6",46,"#984ea3"
"432","Seattle, WA",0.45,"Pacific","downtown","Seattle","Season_1",36,"#984ea3"
"433","Seattle, WA",0.446846827748346,"Pacific","downtown","Seattle","Season_10",49,"#984ea3"
"434","Seattle, WA",0.444839933582846,"Pacific","downtown","Seattle","Season_11",56,"#984ea3"
"435","Seattle, WA",0.440454545454545,"Pacific","downtown","Seattle","Season_3",44,"#984ea3"
"436","Seattle, WA",0.439090909090909,"Pacific","downtown","Seattle","Season_7",55,"#984ea3"
"437","Seattle, WA",0.437526195533853,"Pacific","downtown","Seattle","Season_8",52,"#984ea3"
"438","Seattle, WA",0.412222222222222,"Pacific","downtown","Seattle","Season_4",44,"#984ea3"
"439","Seattle, WA",0.397777777777778,"Pacific","downtown","Seattle","Season_5",46,"#984ea3"
"440","Seattle, WA",0.369,"Pacific","downtown","Seattle","Season_2",42,"#984ea3"
"441","Atlanta, GA",0.609461277518489,"Southeast","downtown","Atlanta","Season_11",32,"#ff7f00"
"442","Atlanta, GA",0.556153846153846,"Southeast","downtown","Atlanta","Season_7",36,"#ff7f00"
"443","Atlanta, GA",0.487853198916182,"Southeast","downtown","Atlanta","Season_10",42,"#ff7f00"
"444","Atlanta, GA",0.480003612270951,"Southeast","downtown","Atlanta","Season_9",47,"#ff7f00"
"445","Atlanta, GA",0.472976536189902,"Southeast","downtown","Atlanta","Season_8",42,"#ff7f00"
"446","Atlanta, GA",0.443,"Southeast","downtown","Atlanta","Season_6",50,"#ff7f00"
"447","Atlanta, GA",0.354,"Southeast","downtown","Atlanta","Season_1",52,"#ff7f00"
"448","Atlanta, GA",0.351818181818182,"Southeast","downtown","Atlanta","Season_5",52,"#ff7f00"
"449","Atlanta, GA",0.331818181818182,"Southeast","downtown","Atlanta","Season_4",55,"#ff7f00"
"450","Atlanta, GA",0.318181818181818,"Southeast","downtown","Atlanta","Season_2",53,"#ff7f00"
"451","Atlanta, GA",0.299444444444444,"Southeast","downtown","Atlanta","Season_3",60,"#ff7f00"
"452","Charlotte, NC",0.645769230769231,"Southeast","downtown","Charlotte","Season_3",16,"#ff7f00"
"453","Charlotte, NC",0.590705503195433,"Southeast","downtown","Charlotte","Season_11",34,"#ff7f00"
"454","Charlotte, NC",0.584139585434228,"Southeast","downtown","Charlotte","Season_10",33,"#ff7f00"
"455","Charlotte, NC",0.578883764945375,"Southeast","downtown","Charlotte","Season_9",30,"#ff7f00"
"456","Charlotte, NC",0.53,"Southeast","downtown","Charlotte","Season_6",37,"#ff7f00"
"457","Charlotte, NC",0.5125,"Southeast","downtown","Charlotte","Season_7",43,"#ff7f00"
"458","Charlotte, NC",0.500909090909091,"Southeast","downtown","Charlotte","Season_2",26,"#ff7f00"
"459","Charlotte, NC",0.484545454545455,"Southeast","downtown","Charlotte","Season_1",30,"#ff7f00"
"460","Charlotte, NC",0.480252762159266,"Southeast","downtown","Charlotte","Season_8",39,"#ff7f00"
"461","Charlotte, NC",0.459090909090909,"Southeast","downtown","Charlotte","Season_5",40,"#ff7f00"
"462","Charlotte, NC",0.435,"Southeast","downtown","Charlotte","Season_4",39,"#ff7f00"
"463","Jacksonville, FL",0.77,"Southeast","downtown","Jacksonville","Season_7",14,"#ff7f00"
"464","Jacksonville, FL",0.739570443065067,"Southeast","downtown","Jacksonville","Season_9",19,"#ff7f00"
"465","Jacksonville, FL",0.708611516880859,"Southeast","downtown","Jacksonville","Season_11",21,"#ff7f00"
"466","Jacksonville, FL",0.699893165679341,"Southeast","downtown","Jacksonville","Season_10",17,"#ff7f00"
"467","Jacksonville, FL",0.641035767807801,"Southeast","downtown","Jacksonville","Season_8",23,"#ff7f00"
"468","Jacksonville, FL",0.634166666666667,"Southeast","downtown","Jacksonville","Season_6",24,"#ff7f00"
"469","Jacksonville, FL",0.545,"Southeast","downtown","Jacksonville","Season_5",26,"#ff7f00"
"470","Jacksonville, FL",0.534,"Southeast","downtown","Jacksonville","Season_4",25,"#ff7f00"
"471","Jacksonville, FL",0.5325,"Southeast","downtown","Jacksonville","Season_1",23,"#ff7f00"
"472","Jacksonville, FL",0.5185,"Southeast","downtown","Jacksonville","Season_3",31,"#ff7f00"
"473","Jacksonville, FL",0.482727272727273,"Southeast","downtown","Jacksonville","Season_2",28,"#ff7f00"
"474","Memphis, TN",0.779230769230769,"Southeast","downtown","Memphis","Season_7",13,"#ff7f00"
"475","Memphis, TN",0.71496037101209,"Southeast","downtown","Memphis","Season_11",20,"#ff7f00"
"476","Memphis, TN",0.686773298352676,"Southeast","downtown","Memphis","Season_8",18,"#ff7f00"
"477","Memphis, TN",0.677777777777778,"Southeast","downtown","Memphis","Season_6",21,"#ff7f00"
"478","Memphis, TN",0.674599426172824,"Southeast","downtown","Memphis","Season_10",22,"#ff7f00"
"479","Memphis, TN",0.655583566666378,"Southeast","downtown","Memphis","Season_9",23,"#ff7f00"
"480","Memphis, TN",0.624090909090909,"Southeast","downtown","Memphis","Season_3",18,"#ff7f00"
"481","Memphis, TN",0.57,"Southeast","downtown","Memphis","Season_2",16,"#ff7f00"
"482","Memphis, TN",0.562,"Southeast","downtown","Memphis","Season_5",23,"#ff7f00"
"483","Memphis, TN",0.537,"Southeast","downtown","Memphis","Season_4",24,"#ff7f00"
"484","Memphis, TN",0.5205,"Southeast","downtown","Memphis","Season_1",24,"#ff7f00"
"485","Miami, FL",0.761923076923077,"Southeast","downtown","Miami","Season_3",7,"#ff7f00"
"486","Miami, FL",0.712222222222222,"Southeast","downtown","Miami","Season_6",17,"#ff7f00"
"487","Miami, FL",0.693435916600397,"Southeast","downtown","Miami","Season_11",24,"#ff7f00"
"488","Miami, FL",0.689,"Southeast","downtown","Miami","Season_5",14,"#ff7f00"
"489","Miami, FL",0.669201702518614,"Southeast","downtown","Miami","Season_10",23,"#ff7f00"
"490","Miami, FL",0.666666666666667,"Southeast","downtown","Miami","Season_7",26,"#ff7f00"
"491","Miami, FL",0.66,"Southeast","downtown","Miami","Season_4",14,"#ff7f00"
"492","Miami, FL",0.648686819345656,"Southeast","downtown","Miami","Season_8",22,"#ff7f00"
"493","Miami, FL",0.63712343779985,"Southeast","downtown","Miami","Season_9",26,"#ff7f00"
"494","Miami, FL",0.5445,"Southeast","downtown","Miami","Season_1",20,"#ff7f00"
"495","Miami, FL",0.50875,"Southeast","downtown","Miami","Season_2",23,"#ff7f00"
"496","Nashville, TN",0.771538461538462,"Southeast","downtown","Nashville","Season_6",11,"#ff7f00"
"497","Nashville, TN",0.735833333333333,"Southeast","downtown","Nashville","Season_7",19,"#ff7f00"
"498","Nashville, TN",0.645193025634128,"Southeast","downtown","Nashville","Season_11",29,"#ff7f00"
"499","Nashville, TN",0.618276704405734,"Southeast","downtown","Nashville","Season_10",29,"#ff7f00"
"500","Nashville, TN",0.612975836205973,"Southeast","downtown","Nashville","Season_9",27,"#ff7f00"
"501","Nashville, TN",0.612632711035073,"Southeast","downtown","Nashville","Season_8",26,"#ff7f00"
"502","Nashville, TN",0.579166666666667,"Southeast","downtown","Nashville","Season_5",21,"#ff7f00"
"503","Nashville, TN",0.47875,"Southeast","downtown","Nashville","Season_3",40,"#ff7f00"
"504","Nashville, TN",0.441666666666667,"Southeast","downtown","Nashville","Season_4",38,"#ff7f00"
"505","Nashville, TN",0.322222222222222,"Southeast","downtown","Nashville","Season_1",56,"#ff7f00"
"506","Nashville, TN",0.294545454545455,"Southeast","downtown","Nashville","Season_2",56,"#ff7f00"
"507","New Orleans, LA",0.588181818181818,"Southeast","downtown","New Orleans","Season_6",32,"#ff7f00"
"508","New Orleans, LA",0.517812953793009,"Southeast","downtown","New Orleans","Season_11",43,"#ff7f00"
"509","New Orleans, LA",0.499428451970854,"Southeast","downtown","New Orleans","Season_10",40,"#ff7f00"
"510","New Orleans, LA",0.476302430596579,"Southeast","downtown","New Orleans","Season_8",41,"#ff7f00"
"511","New Orleans, LA",0.475833333333333,"Southeast","downtown","New Orleans","Season_5",36,"#ff7f00"
"512","New Orleans, LA",0.462815066125337,"Southeast","downtown","New Orleans","Season_9",50,"#ff7f00"
"513","New Orleans, LA",0.4525,"Southeast","downtown","New Orleans","Season_3",43,"#ff7f00"
"514","New Orleans, LA",0.424166666666667,"Southeast","downtown","New Orleans","Season_7",57,"#ff7f00"
"515","New Orleans, LA",0.357272727272727,"Southeast","downtown","New Orleans","Season_4",51,"#ff7f00"
"516","New Orleans, LA",0.33,"Southeast","downtown","New Orleans","Season_2",48,"#ff7f00"
"517","New Orleans, LA",0.261,"Southeast","downtown","New Orleans","Season_1",62,"#ff7f00"
"518","Raleigh, NC",0.552083333333333,"Southeast","downtown","Raleigh","Season_3",27,"#ff7f00"
"519","Raleigh, NC",0.534166666666667,"Southeast","downtown","Raleigh","Season_7",41,"#ff7f00"
"520","Raleigh, NC",0.507945414799516,"Southeast","downtown","Raleigh","Season_11",47,"#ff7f00"
"521","Raleigh, NC",0.484982370591276,"Southeast","downtown","Raleigh","Season_10",43,"#ff7f00"
"522","Raleigh, NC",0.4725,"Southeast","downtown","Raleigh","Season_6",41,"#ff7f00"
"523","Raleigh, NC",0.45130522561982,"Southeast","downtown","Raleigh","Season_9",53,"#ff7f00"
"524","Raleigh, NC",0.443424746281907,"Southeast","downtown","Raleigh","Season_8",51,"#ff7f00"
"525","Raleigh, NC",0.433,"Southeast","downtown","Raleigh","Season_4",41,"#ff7f00"
"526","Raleigh, NC",0.376666666666667,"Southeast","downtown","Raleigh","Season_5",50,"#ff7f00"
"527","Raleigh, NC",0.328181818181818,"Southeast","downtown","Raleigh","Season_1",55,"#ff7f00"
"528","Raleigh, NC",0.325833333333333,"Southeast","downtown","Raleigh","Season_2",52,"#ff7f00"
"529","Tampa, FL",0.852070576983144,"Southeast","downtown","Tampa","Season_9",9,"#ff7f00"
"530","Tampa, FL",0.848888888888889,"Southeast","downtown","Tampa","Season_6",6,"#ff7f00"
"531","Tampa, FL",0.806,"Southeast","downtown","Tampa","Season_7",10,"#ff7f00"
"532","Tampa, FL",0.805635378814931,"Southeast","downtown","Tampa","Season_10",9,"#ff7f00"
"533","Tampa, FL",0.80338398602049,"Southeast","downtown","Tampa","Season_8",10,"#ff7f00"
"534","Tampa, FL",0.779480238120199,"Southeast","downtown","Tampa","Season_11",16,"#ff7f00"
"535","Tampa, FL",0.764545454545455,"Southeast","downtown","Tampa","Season_3",6,"#ff7f00"
"536","Tampa, FL",0.754615384615385,"Southeast","downtown","Tampa","Season_4",6,"#ff7f00"
"537","Tampa, FL",0.703846153846154,"Southeast","downtown","Tampa","Season_5",10,"#ff7f00"
"538","Tampa, FL",0.64,"Southeast","downtown","Tampa","Season_2",10,"#ff7f00"
"539","Tampa, FL",0.547307692307692,"Southeast","downtown","Tampa","Season_1",19,"#ff7f00"
"540","Albuquerque, NM",1.07389219902438,"Southwest","downtown","Albuquerque","Season_8",2,"#e6ab02"
"541","Albuquerque, NM",0.898453118743903,"Southwest","downtown","Albuquerque","Season_11",9,"#e6ab02"
"542","Albuquerque, NM",0.850620991100161,"Southwest","downtown","Albuquerque","Season_10",6,"#e6ab02"
"543","Albuquerque, NM",0.763,"Southwest","downtown","Albuquerque","Season_6",13,"#e6ab02"
"544","Albuquerque, NM",0.73966560421534,"Southwest","downtown","Albuquerque","Season_9",18,"#e6ab02"
"545","Albuquerque, NM",0.733636363636364,"Southwest","downtown","Albuquerque","Season_7",20,"#e6ab02"
"546","Albuquerque, NM",0.7185,"Southwest","downtown","Albuquerque","Season_3",12,"#e6ab02"
"547","Albuquerque, NM",0.69,"Southwest","downtown","Albuquerque","Season_5",13,"#e6ab02"
"548","Albuquerque, NM",0.6875,"Southwest","downtown","Albuquerque","Season_4",10,"#e6ab02"
"549","Albuquerque, NM",0.665454545454545,"Southwest","downtown","Albuquerque","Season_1",6,"#e6ab02"
"550","Albuquerque, NM",0.633333333333333,"Southwest","downtown","Albuquerque","Season_2",11,"#e6ab02"
"551","Austin, TX",0.6,"Southwest","downtown","Austin","Season_7",31,"#e6ab02"
"552","Austin, TX",0.58125,"Southwest","downtown","Austin","Season_6",33,"#e6ab02"
"553","Austin, TX",0.577485490439967,"Southwest","downtown","Austin","Season_11",36,"#e6ab02"
"554","Austin, TX",0.537898070477289,"Southwest","downtown","Austin","Season_8",35,"#e6ab02"
"555","Austin, TX",0.536111111111111,"Southwest","downtown","Austin","Season_3",28,"#e6ab02"
"556","Austin, TX",0.532254152603141,"Southwest","downtown","Austin","Season_10",37,"#e6ab02"
"557","Austin, TX",0.528918369104792,"Southwest","downtown","Austin","Season_9",38,"#e6ab02"
"558","Austin, TX",0.522857142857143,"Southwest","downtown","Austin","Season_5",30,"#e6ab02"
"559","Austin, TX",0.501818181818182,"Southwest","downtown","Austin","Season_4",29,"#e6ab02"
"560","Austin, TX",0.398181818181818,"Southwest","downtown","Austin","Season_2",38,"#e6ab02"
"561","Austin, TX",0.3525,"Southwest","downtown","Austin","Season_1",53,"#e6ab02"
"562","Colorado Springs, CO",0.848333333333333,"Southwest","downtown","Colorado Springs","Season_7",8,"#e6ab02"
"563","Colorado Springs, CO",0.839732209495375,"Southwest","downtown","Colorado Springs","Season_11",10,"#e6ab02"
"564","Colorado Springs, CO",0.832727272727273,"Southwest","downtown","Colorado Springs","Season_6",7,"#e6ab02"
"565","Colorado Springs, CO",0.760196186431895,"Southwest","downtown","Colorado Springs","Season_10",15,"#e6ab02"
"566","Colorado Springs, CO",0.747323223104582,"Southwest","downtown","Colorado Springs","Season_9",17,"#e6ab02"
"567","Colorado Springs, CO",0.72490237858291,"Southwest","downtown","Colorado Springs","Season_8",15,"#e6ab02"
"568","Colorado Springs, CO",0.71,"Southwest","downtown","Colorado Springs","Season_3",14,"#e6ab02"
"569","Colorado Springs, CO",0.708888888888889,"Southwest","downtown","Colorado Springs","Season_2",6,"#e6ab02"
"570","Colorado Springs, CO",0.697777777777778,"Southwest","downtown","Colorado Springs","Season_5",11,"#e6ab02"
"571","Colorado Springs, CO",0.653333333333333,"Southwest","downtown","Colorado Springs","Season_4",15,"#e6ab02"
"572","Colorado Springs, CO",0.588888888888889,"Southwest","downtown","Colorado Springs","Season_1",15,"#e6ab02"
"573","Denver, CO",0.633432343504384,"Southwest","downtown","Denver","Season_10",28,"#e6ab02"
"574","Denver, CO",0.616666666666667,"Southwest","downtown","Denver","Season_6",28,"#e6ab02"
"575","Denver, CO",0.590439942543765,"Southwest","downtown","Denver","Season_11",35,"#e6ab02"
"576","Denver, CO",0.583333333333333,"Southwest","downtown","Denver","Season_7",33,"#e6ab02"
"577","Denver, CO",0.572307692307692,"Southwest","downtown","Denver","Season_3",24,"#e6ab02"
"578","Denver, CO",0.567637292200112,"Southwest","downtown","Denver","Season_8",31,"#e6ab02"
"579","Denver, CO",0.559876128395905,"Southwest","downtown","Denver","Season_9",33,"#e6ab02"
"580","Denver, CO",0.554,"Southwest","downtown","Denver","Season_4",21,"#e6ab02"
"581","Denver, CO",0.533333333333333,"Southwest","downtown","Denver","Season_5",28,"#e6ab02"
"582","Denver, CO",0.458181818181818,"Southwest","downtown","Denver","Season_2",31,"#e6ab02"
"583","Denver, CO",0.434090909090909,"Southwest","downtown","Denver","Season_1",39,"#e6ab02"
"584","El Paso, TX",1.16787727665261,"Southwest","downtown","El Paso","Season_11",4,"#e6ab02"
"585","El Paso, TX",0.980909090909091,"Southwest","downtown","El Paso","Season_7",4,"#e6ab02"
"586","El Paso, TX",0.954272656344783,"Southwest","downtown","El Paso","Season_10",5,"#e6ab02"
"587","El Paso, TX",0.909937380923298,"Southwest","downtown","El Paso","Season_9",7,"#e6ab02"
"588","El Paso, TX",0.83,"Southwest","downtown","El Paso","Season_6",8,"#e6ab02"
"589","El Paso, TX",0.827049286347508,"Southwest","downtown","El Paso","Season_8",7,"#e6ab02"
"590","El Paso, TX",0.712,"Southwest","downtown","El Paso","Season_5",9,"#e6ab02"
"591","El Paso, TX",0.671818181818182,"Southwest","downtown","El Paso","Season_1",5,"#e6ab02"
"592","El Paso, TX",0.620833333333333,"Southwest","downtown","El Paso","Season_4",17,"#e6ab02"
"593","El Paso, TX",0.619166666666667,"Southwest","downtown","El Paso","Season_3",19,"#e6ab02"
"594","El Paso, TX",0.574,"Southwest","downtown","El Paso","Season_2",15,"#e6ab02"
"595","Fort Worth, TX",0.756666666666667,"Southwest","downtown","Fort Worth","Season_6",14,"#e6ab02"
"596","Fort Worth, TX",0.701818181818182,"Southwest","downtown","Fort Worth","Season_4",8,"#e6ab02"
"597","Fort Worth, TX",0.701206501012907,"Southwest","downtown","Fort Worth","Season_10",16,"#e6ab02"
"598","Fort Worth, TX",0.698839731872824,"Southwest","downtown","Fort Worth","Season_11",23,"#e6ab02"
"599","Fort Worth, TX",0.693,"Southwest","downtown","Fort Worth","Season_5",12,"#e6ab02"
"600","Fort Worth, TX",0.687272727272727,"Southwest","downtown","Fort Worth","Season_7",22,"#e6ab02"
"601","Fort Worth, TX",0.681953830823834,"Southwest","downtown","Fort Worth","Season_8",19,"#e6ab02"
"602","Fort Worth, TX",0.640141101000386,"Southwest","downtown","Fort Worth","Season_9",25,"#e6ab02"
"603","Fort Worth, TX",0.618181818181818,"Southwest","downtown","Fort Worth","Season_3",20,"#e6ab02"
"604","Fort Worth, TX",0.579166666666667,"Southwest","downtown","Fort Worth","Season_2",14,"#e6ab02"
"605","Fort Worth, TX",0.496923076923077,"Southwest","downtown","Fort Worth","Season_1",28,"#e6ab02"
"606","Houston, TX",0.9,"Southwest","downtown","Houston","Season_7",6,"#e6ab02"
"607","Houston, TX",0.73449667851312,"Southwest","downtown","Houston","Season_8",13,"#e6ab02"
"608","Houston, TX",0.659103333225062,"Southwest","downtown","Houston","Season_10",27,"#e6ab02"
"609","Houston, TX",0.608106140985301,"Southwest","downtown","Houston","Season_11",33,"#e6ab02"
"610","Houston, TX",0.570436722853327,"Southwest","downtown","Houston","Season_9",31,"#e6ab02"
"611","Houston, TX",0.567,"Southwest","downtown","Houston","Season_6",34,"#e6ab02"
"612","Houston, TX",0.508333333333333,"Southwest","downtown","Houston","Season_3",33,"#e6ab02"
"613","Houston, TX",0.5025,"Southwest","downtown","Houston","Season_5",33,"#e6ab02"
"614","Houston, TX",0.462307692307692,"Southwest","downtown","Houston","Season_4",34,"#e6ab02"
"615","Houston, TX",0.4405,"Southwest","downtown","Houston","Season_1",38,"#e6ab02"
"616","Houston, TX",0.398,"Southwest","downtown","Houston","Season_2",39,"#e6ab02"
"617","Las Vegas, NV",0.898181818181818,"Southwest","downtown","Las Vegas","Season_5",2,"#e6ab02"
"618","Las Vegas, NV",0.881111111111111,"Southwest","downtown","Las Vegas","Season_6",5,"#e6ab02"
"619","Las Vegas, NV",0.822197306692222,"Southwest","downtown","Las Vegas","Season_9",12,"#e6ab02"
"620","Las Vegas, NV",0.812727272727273,"Southwest","downtown","Las Vegas","Season_7",9,"#e6ab02"
"621","Las Vegas, NV",0.804932040151017,"Southwest","downtown","Las Vegas","Season_8",9,"#e6ab02"
"622","Las Vegas, NV",0.787577102547862,"Southwest","downtown","Las Vegas","Season_11",14,"#e6ab02"
"623","Las Vegas, NV",0.773977724456269,"Southwest","downtown","Las Vegas","Season_10",13,"#e6ab02"
"624","Las Vegas, NV",0.737083333333333,"Southwest","downtown","Las Vegas","Season_3",11,"#e6ab02"
"625","Las Vegas, NV",0.725454545454545,"Southwest","downtown","Las Vegas","Season_4",7,"#e6ab02"
"626","Las Vegas, NV",0.7,"Southwest","downtown","Las Vegas","Season_2",7,"#e6ab02"
"627","Las Vegas, NV",0.511666666666667,"Southwest","downtown","Las Vegas","Season_1",27,"#e6ab02"
"628","Phoenix, AZ",0.7425,"Southwest","downtown","Phoenix","Season_2",5,"#e6ab02"
"629","Phoenix, AZ",0.710505887699383,"Southwest","downtown","Phoenix","Season_9",21,"#e6ab02"
"630","Phoenix, AZ",0.6925,"Southwest","downtown","Phoenix","Season_6",19,"#e6ab02"
"631","Phoenix, AZ",0.689166666666667,"Southwest","downtown","Phoenix","Season_4",9,"#e6ab02"
"632","Phoenix, AZ",0.680189144873763,"Southwest","downtown","Phoenix","Season_10",20,"#e6ab02"
"633","Phoenix, AZ",0.679256448332979,"Southwest","downtown","Phoenix","Season_8",20,"#e6ab02"
"634","Phoenix, AZ",0.640384615384615,"Southwest","downtown","Phoenix","Season_1",8,"#e6ab02"
"635","Phoenix, AZ",0.628461538461539,"Southwest","downtown","Phoenix","Season_3",17,"#e6ab02"
"636","Phoenix, AZ",0.612212966879312,"Southwest","downtown","Phoenix","Season_11",31,"#e6ab02"
"637","Phoenix, AZ",0.589090909090909,"Southwest","downtown","Phoenix","Season_5",20,"#e6ab02"
"638","Phoenix, AZ",0.555833333333333,"Southwest","downtown","Phoenix","Season_7",37,"#e6ab02"
"639","Salt Lake City, UT",1.55052939044592,"Southwest","downtown","Salt Lake City","Season_9",1,"#e6ab02"
"640","Salt Lake City, UT",1.34518742545159,"Southwest","downtown","Salt Lake City","Season_11",1,"#e6ab02"
"641","Salt Lake City, UT",1.22489191425888,"Southwest","downtown","Salt Lake City","Season_8",1,"#e6ab02"
"642","Salt Lake City, UT",1.21917508745421,"Southwest","downtown","Salt Lake City","Season_10",1,"#e6ab02"
"643","Salt Lake City, UT",1.09166666666667,"Southwest","downtown","Salt Lake City","Season_7",2,"#e6ab02"
"644","Salt Lake City, UT",0.886,"Southwest","downtown","Salt Lake City","Season_6",4,"#e6ab02"
"645","Salt Lake City, UT",0.789166666666667,"Southwest","downtown","Salt Lake City","Season_5",6,"#e6ab02"
"646","Salt Lake City, UT",0.78,"Southwest","downtown","Salt Lake City","Season_4",5,"#e6ab02"
"647","Salt Lake City, UT",0.715384615384615,"Southwest","downtown","Salt Lake City","Season_3",13,"#e6ab02"
"648","Salt Lake City, UT",0.551818181818182,"Southwest","downtown","Salt Lake City","Season_2",17,"#e6ab02"
"649","Salt Lake City, UT",0.51375,"Southwest","downtown","Salt Lake City","Season_1",26,"#e6ab02"
"650","San Antonio, TX",0.728461538461538,"Southwest","downtown","San Antonio","Season_6",15,"#e6ab02"
"651","San Antonio, TX",0.680313288500563,"Southwest","downtown","San Antonio","Season_11",25,"#e6ab02"
"652","San Antonio, TX",0.658827713386928,"Southwest","downtown","San Antonio","Season_9",22,"#e6ab02"
"653","San Antonio, TX",0.65,"Southwest","downtown","San Antonio","Season_7",28,"#e6ab02"
"654","San Antonio, TX",0.61,"Southwest","downtown","San Antonio","Season_5",18,"#e6ab02"
"655","San Antonio, TX",0.599113271240783,"Southwest","downtown","San Antonio","Season_10",30,"#e6ab02"
"656","San Antonio, TX",0.592323129903453,"Southwest","downtown","San Antonio","Season_8",30,"#e6ab02"
"657","San Antonio, TX",0.528636363636364,"Southwest","downtown","San Antonio","Season_3",29,"#e6ab02"
"658","San Antonio, TX",0.45,"Southwest","downtown","San Antonio","Season_4",36,"#e6ab02"
"659","San Antonio, TX",0.340416666666667,"Southwest","downtown","San Antonio","Season_1",54,"#e6ab02"
"660","San Antonio, TX",0.34,"Southwest","downtown","San Antonio","Season_2",47,"#e6ab02"
"661","Tucson, AZ",0.813420813622575,"Southwest","downtown","Tucson","Season_11",12,"#e6ab02"
"662","Tucson, AZ",0.799772401993242,"Southwest","downtown","Tucson","Season_10",11,"#e6ab02"
"663","Tucson, AZ",0.770082326817726,"Southwest","downtown","Tucson","Season_9",15,"#e6ab02"
"664","Tucson, AZ",0.769230769230769,"Southwest","downtown","Tucson","Season_7",15,"#e6ab02"
"665","Tucson, AZ",0.719,"Southwest","downtown","Tucson","Season_6",16,"#e6ab02"
"666","Tucson, AZ",0.71471047741597,"Southwest","downtown","Tucson","Season_8",17,"#e6ab02"
"667","Tucson, AZ",0.626363636363636,"Southwest","downtown","Tucson","Season_5",17,"#e6ab02"
"668","Tucson, AZ",0.590769230769231,"Southwest","downtown","Tucson","Season_3",23,"#e6ab02"
"669","Tucson, AZ",0.586,"Southwest","downtown","Tucson","Season_2",13,"#e6ab02"
"670","Tucson, AZ",0.571818181818182,"Southwest","downtown","Tucson","Season_1",17,"#e6ab02"
"671","Tucson, AZ",0.551666666666667,"Southwest","downtown","Tucson","Season_4",22,"#e6ab02"
"672","Tulsa, OK",0.596666666666667,"Southwest","downtown","Tulsa","Season_6",31,"#e6ab02"
"673","Tulsa, OK",0.593075667580066,"Southwest","downtown","Tulsa","Season_10",31,"#e6ab02"
"674","Tulsa, OK",0.592617685208185,"Southwest","downtown","Tulsa","Season_9",29,"#e6ab02"
"675","Tulsa, OK",0.570909090909091,"Southwest","downtown","Tulsa","Season_7",34,"#e6ab02"
"676","Tulsa, OK",0.561428571428571,"Southwest","downtown","Tulsa","Season_5",24,"#e6ab02"
"677","Tulsa, OK",0.547302853229705,"Southwest","downtown","Tulsa","Season_8",34,"#e6ab02"
"678","Tulsa, OK",0.544713640197312,"Southwest","downtown","Tulsa","Season_11",39,"#e6ab02"
"679","Tulsa, OK",0.523,"Southwest","downtown","Tulsa","Season_4",26,"#e6ab02"
"680","Tulsa, OK",0.505,"Southwest","downtown","Tulsa","Season_2",25,"#e6ab02"
"681","Tulsa, OK",0.496111111111111,"Southwest","downtown","Tulsa","Season_1",29,"#e6ab02"
"682","Tulsa, OK",0.4805,"Southwest","downtown","Tulsa","Season_3",37,"#e6ab02"
